Rep Name,Region,Base Salary,Quota,Deal Date,Product,Deal Amount,Commission Rate,Commission Earned
Rep_1,North,"$67,969.00",115820,7/27/2024,Support,"$14,363.50",0.07,"$1,005.45"
Rep_1,North,"$67,969.00",115820,7/27/2024,Software,"$28,767.86",0.1,"$2,876.79"
Rep_1,North,"$67,969.00",115820,7/27/2024,Support,"$23,299.85",0.1,"$2,329.99"
Rep_1,North,"$67,969.00",115820,7/27/2024,Consulting,"$19,966.46",0.07,"$1,397.65"
Rep_1,North,"$67,969.00",115820,7/27/2024,Support,"$8,900.47",0.05,$445.02
Rep_1,North,"$67,969.00",115820,7/27/2024,Hardware,"$8,899.86",0.05,$444.99
Rep_1,North,"$67,969.00",115820,7/27/2024,Consulting,"$6,452.09",0.05,$322.60
Rep_1,North,"$67,969.00",115820,7/27/2024,Software,"$26,654.40",0.1,"$2,665.44"
Rep_1,North,"$67,969.00",115820,7/27/2024,Software,"$20,027.88",0.1,"$2,002.79"
Rep_1,North,"$67,969.00",115820,7/27/2024,Support,"$22,701.81",0.1,"$2,270.18"
Rep_1,North,"$67,969.00",115820,6/16/2024,Software,"$5,514.61",0.05,$275.73
Rep_1,North,"$67,969.00",115820,6/16/2024,Consulting,"$29,247.75",0.1,"$2,924.78"
Rep_1,North,"$67,969.00",115820,12/4/2024,Consulting,"$25,811.07",0.1,"$2,581.11"
Rep_1,North,"$67,969.00",115820,12/4/2024,Consulting,"$10,308.48",0.07,$721.59
Rep_1,North,"$67,969.00",115820,12/4/2024,Hardware,"$9,545.62",0.05,$477.28
Rep_1,North,"$67,969.00",115820,12/4/2024,Hardware,"$9,585.11",0.05,$479.26
Rep_1,North,"$67,969.00",115820,12/4/2024,Software,"$12,606.06",0.07,$882.42
Rep_1,North,"$67,969.00",115820,6/23/2024,Hardware,"$18,118.91",0.07,"$1,268.32"
Rep_1,North,"$67,969.00",115820,6/23/2024,Hardware,"$15,798.63",0.07,"$1,105.90"
Rep_1,North,"$67,969.00",115820,6/23/2024,Software,"$12,280.73",0.07,$859.65
Rep_1,North,"$67,969.00",115820,6/23/2024,Software,"$20,296.32",0.1,"$2,029.63"
Rep_1,North,"$67,969.00",115820,3/10/2024,Support,"$8,487.35",0.05,$424.37
Rep_1,North,"$67,969.00",115820,3/10/2024,Support,"$12,303.62",0.07,$861.25
Rep_1,North,"$67,969.00",115820,3/10/2024,Hardware,"$14,159.05",0.07,$991.13
Rep_1,North,"$67,969.00",115820,3/10/2024,Support,"$16,401.75",0.07,"$1,148.12"
Rep_1,North,"$67,969.00",115820,3/10/2024,Support,"$24,629.40",0.1,"$2,462.94"
Rep_1,North,"$67,969.00",115820,3/10/2024,Support,"$9,991.84",0.05,$499.59
Rep_1,North,"$67,969.00",115820,3/10/2024,Software,"$17,855.86",0.07,"$1,249.91"
Rep_1,North,"$67,969.00",115820,3/10/2024,Software,"$19,810.36",0.07,"$1,386.73"
Rep_1,North,"$67,969.00",115820,3/10/2024,Hardware,"$6,161.26",0.05,$308.06
Rep_1,North,"$67,969.00",115820,3/10/2024,Consulting,"$20,188.62",0.1,"$2,018.86"
Rep_1,North,"$67,969.00",115820,8/11/2024,Consulting,"$9,263.10",0.05,$463.16
Rep_1,North,"$67,969.00",115820,8/11/2024,Consulting,"$6,626.29",0.05,$331.31
Rep_1,North,"$67,969.00",115820,8/11/2024,Software,"$28,722.14",0.1,"$2,872.21"
Rep_1,North,"$67,969.00",115820,8/11/2024,Support,"$29,140.80",0.1,"$2,914.08"
Rep_1,North,"$67,969.00",115820,6/5/2024,Hardware,"$25,209.93",0.1,"$2,520.99"
Rep_1,North,"$67,969.00",115820,6/5/2024,Support,"$12,615.34",0.07,$883.07
Rep_1,North,"$67,969.00",115820,6/5/2024,Software,"$7,441.80",0.05,$372.09
Rep_1,North,"$67,969.00",115820,6/5/2024,Hardware,"$22,105.83",0.1,"$2,210.58"
Rep_1,North,"$67,969.00",115820,6/5/2024,Software,"$16,003.81",0.07,"$1,120.27"
Rep_1,North,"$67,969.00",115820,6/5/2024,Hardware,"$8,050.96",0.05,$402.55
Rep_1,North,"$67,969.00",115820,6/5/2024,Hardware,"$17,379.42",0.07,"$1,216.56"
Rep_1,North,"$67,969.00",115820,6/5/2024,Hardware,"$5,859.71",0.05,$292.99
Rep_1,North,"$67,969.00",115820,6/5/2024,Consulting,"$27,733.01",0.1,"$2,773.30"
Rep_1,North,"$67,969.00",115820,11/3/2024,Support,"$11,469.50",0.07,$802.87
Rep_1,North,"$67,969.00",115820,11/3/2024,Software,"$21,563.06",0.1,"$2,156.31"
Rep_1,North,"$67,969.00",115820,11/3/2024,Hardware,"$12,792.78",0.07,$895.49
Rep_1,North,"$67,969.00",115820,10/28/2024,Consulting,"$18,001.70",0.07,"$1,260.12"
Rep_1,North,"$67,969.00",115820,10/28/2024,Software,"$18,667.76",0.07,"$1,306.74"
Rep_1,North,"$67,969.00",115820,10/28/2024,Software,"$9,621.36",0.05,$481.07
Rep_1,North,"$67,969.00",115820,10/28/2024,Support,"$29,239.62",0.1,"$2,923.96"
Rep_1,North,"$67,969.00",115820,10/28/2024,Consulting,"$24,378.32",0.1,"$2,437.83"
Rep_1,North,"$67,969.00",115820,10/28/2024,Support,"$28,487.47",0.1,"$2,848.75"
Rep_1,North,"$67,969.00",115820,10/28/2024,Support,"$27,370.68",0.1,"$2,737.07"
Rep_1,North,"$67,969.00",115820,10/28/2024,Software,"$19,947.50",0.07,"$1,396.33"
Rep_1,North,"$67,969.00",115820,10/28/2024,Consulting,"$28,046.86",0.1,"$2,804.69"
Rep_1,North,"$67,969.00",115820,6/7/2024,Software,"$7,212.31",0.05,$360.62
Rep_1,North,"$67,969.00",115820,6/7/2024,Hardware,"$9,899.57",0.05,$494.98
Rep_1,North,"$67,969.00",115820,6/7/2024,Software,"$6,130.68",0.05,$306.53
Rep_1,North,"$67,969.00",115820,6/7/2024,Support,"$13,133.26",0.07,$919.33
Rep_1,North,"$67,969.00",115820,6/7/2024,Software,"$14,716.93",0.07,"$1,030.19"
Rep_1,North,"$67,969.00",115820,6/7/2024,Hardware,"$11,783.73",0.07,$824.86
Rep_1,North,"$67,969.00",115820,6/7/2024,Consulting,"$25,718.44",0.1,"$2,571.84"
Rep_1,North,"$67,969.00",115820,6/7/2024,Hardware,"$13,918.83",0.07,$974.32
Rep_1,North,"$67,969.00",115820,6/7/2024,Consulting,"$12,023.36",0.07,$841.64
Rep_1,North,"$67,969.00",115820,6/7/2024,Support,"$18,567.40",0.07,"$1,299.72"
Rep_1,North,"$67,969.00",115820,5/10/2024,Consulting,"$8,523.11",0.05,$426.16
Rep_1,North,"$67,969.00",115820,5/10/2024,Hardware,"$25,054.92",0.1,"$2,505.49"
Rep_1,North,"$67,969.00",115820,5/10/2024,Software,"$6,863.77",0.05,$343.19
Rep_1,North,"$67,969.00",115820,5/10/2024,Hardware,"$29,672.17",0.1,"$2,967.22"
Rep_1,North,"$67,969.00",115820,5/10/2024,Support,"$24,306.12",0.1,"$2,430.61"
Rep_1,North,"$67,969.00",115820,5/10/2024,Hardware,"$9,967.89",0.05,$498.39
Rep_1,North,"$67,969.00",115820,5/10/2024,Consulting,"$5,138.05",0.05,$256.90
Rep_1,North,"$67,969.00",115820,10/2/2024,Hardware,"$25,386.54",0.1,"$2,538.65"
Rep_1,North,"$67,969.00",115820,10/2/2024,Consulting,"$22,671.43",0.1,"$2,267.14"
Rep_1,North,"$67,969.00",115820,10/2/2024,Support,"$23,225.18",0.1,"$2,322.52"
Rep_1,North,"$67,969.00",115820,10/2/2024,Software,"$24,281.76",0.1,"$2,428.18"
Rep_1,North,"$67,969.00",115820,10/2/2024,Hardware,"$6,851.12",0.05,$342.56
Rep_2,West,"$41,425.00",163706,5/8/2024,Hardware,"$13,961.64",0.07,$977.31
Rep_2,West,"$41,425.00",163706,5/8/2024,Support,"$7,896.73",0.05,$394.84
Rep_2,West,"$41,425.00",163706,5/8/2024,Support,"$26,577.59",0.1,"$2,657.76"
Rep_2,West,"$41,425.00",163706,5/8/2024,Hardware,"$20,582.45",0.1,"$2,058.25"
Rep_2,West,"$41,425.00",163706,5/8/2024,Consulting,"$13,272.45",0.07,$929.07
Rep_2,West,"$41,425.00",163706,5/8/2024,Support,"$6,588.96",0.05,$329.45
Rep_2,West,"$41,425.00",163706,11/23/2024,Consulting,"$12,774.56",0.07,$894.22
Rep_2,West,"$41,425.00",163706,11/23/2024,Consulting,"$13,129.58",0.07,$919.07
Rep_2,West,"$41,425.00",163706,11/23/2024,Support,"$23,240.15",0.1,"$2,324.02"
Rep_2,West,"$41,425.00",163706,4/2/2024,Consulting,"$20,938.94",0.1,"$2,093.89"
Rep_2,West,"$41,425.00",163706,4/2/2024,Hardware,"$27,180.32",0.1,"$2,718.03"
Rep_2,West,"$41,425.00",163706,4/2/2024,Consulting,"$16,805.37",0.07,"$1,176.38"
Rep_2,West,"$41,425.00",163706,4/2/2024,Consulting,"$7,989.86",0.05,$399.49
Rep_2,West,"$41,425.00",163706,4/2/2024,Hardware,"$22,831.12",0.1,"$2,283.11"
Rep_2,West,"$41,425.00",163706,4/2/2024,Software,"$24,019.63",0.1,"$2,401.96"
Rep_2,West,"$41,425.00",163706,4/2/2024,Consulting,"$19,031.93",0.07,"$1,332.24"
Rep_2,West,"$41,425.00",163706,4/2/2024,Consulting,"$24,274.18",0.1,"$2,427.42"
Rep_2,West,"$41,425.00",163706,6/26/2024,Hardware,"$17,344.89",0.07,"$1,214.14"
Rep_2,West,"$41,425.00",163706,6/26/2024,Consulting,"$18,068.32",0.07,"$1,264.78"
Rep_2,West,"$41,425.00",163706,6/26/2024,Hardware,"$15,688.53",0.07,"$1,098.20"
Rep_2,West,"$41,425.00",163706,6/26/2024,Support,"$5,635.48",0.05,$281.77
Rep_2,West,"$41,425.00",163706,6/26/2024,Support,"$7,697.29",0.05,$384.86
Rep_2,West,"$41,425.00",163706,5/21/2024,Software,"$5,785.73",0.05,$289.29
Rep_2,West,"$41,425.00",163706,5/21/2024,Support,"$20,910.26",0.1,"$2,091.03"
Rep_2,West,"$41,425.00",163706,1/21/2024,Support,"$12,858.90",0.07,$900.12
Rep_2,West,"$41,425.00",163706,1/21/2024,Support,"$17,714.27",0.07,"$1,240.00"
Rep_2,West,"$41,425.00",163706,1/21/2024,Software,"$27,689.16",0.1,"$2,768.92"
Rep_2,West,"$41,425.00",163706,1/21/2024,Support,"$11,232.31",0.07,$786.26
Rep_2,West,"$41,425.00",163706,1/21/2024,Support,"$15,259.57",0.07,"$1,068.17"
Rep_2,West,"$41,425.00",163706,6/14/2024,Support,"$23,888.78",0.1,"$2,388.88"
Rep_2,West,"$41,425.00",163706,6/14/2024,Consulting,"$10,719.95",0.07,$750.40
Rep_2,West,"$41,425.00",163706,6/14/2024,Software,"$6,924.50",0.05,$346.23
Rep_2,West,"$41,425.00",163706,6/14/2024,Software,"$12,243.79",0.07,$857.07
Rep_2,West,"$41,425.00",163706,6/14/2024,Consulting,"$9,030.53",0.05,$451.53
Rep_2,West,"$41,425.00",163706,6/14/2024,Consulting,"$28,242.44",0.1,"$2,824.24"
Rep_2,West,"$41,425.00",163706,6/14/2024,Support,"$25,203.01",0.1,"$2,520.30"
Rep_2,West,"$41,425.00",163706,6/14/2024,Software,"$20,835.09",0.1,"$2,083.51"
Rep_2,West,"$41,425.00",163706,6/14/2024,Hardware,"$26,786.51",0.1,"$2,678.65"
Rep_2,West,"$41,425.00",163706,2/5/2024,Software,"$25,091.80",0.1,"$2,509.18"
Rep_2,West,"$41,425.00",163706,2/5/2024,Consulting,"$9,664.25",0.05,$483.21
Rep_2,West,"$41,425.00",163706,2/5/2024,Hardware,"$27,313.97",0.1,"$2,731.40"
Rep_2,West,"$41,425.00",163706,2/5/2024,Support,"$18,483.56",0.07,"$1,293.85"
Rep_2,West,"$41,425.00",163706,2/5/2024,Software,"$25,186.00",0.1,"$2,518.60"
Rep_2,West,"$41,425.00",163706,2/5/2024,Hardware,"$27,402.28",0.1,"$2,740.23"
Rep_2,West,"$41,425.00",163706,10/8/2024,Hardware,"$12,950.09",0.07,$906.51
Rep_2,West,"$41,425.00",163706,10/8/2024,Consulting,"$7,751.30",0.05,$387.57
Rep_2,West,"$41,425.00",163706,10/8/2024,Support,"$10,698.38",0.07,$748.89
Rep_2,West,"$41,425.00",163706,10/8/2024,Hardware,"$15,677.69",0.07,"$1,097.44"
Rep_2,West,"$41,425.00",163706,10/8/2024,Hardware,"$25,450.37",0.1,"$2,545.04"
Rep_2,West,"$41,425.00",163706,10/8/2024,Consulting,"$26,518.26",0.1,"$2,651.83"
Rep_2,West,"$41,425.00",163706,10/8/2024,Support,"$5,173.80",0.05,$258.69
Rep_2,West,"$41,425.00",163706,10/8/2024,Software,"$17,768.68",0.07,"$1,243.81"
Rep_2,West,"$41,425.00",163706,12/22/2024,Hardware,"$15,435.28",0.07,"$1,080.47"
Rep_2,West,"$41,425.00",163706,12/22/2024,Consulting,"$10,552.70",0.07,$738.69
Rep_2,West,"$41,425.00",163706,12/22/2024,Consulting,"$7,996.63",0.05,$399.83
Rep_2,West,"$41,425.00",163706,12/22/2024,Consulting,"$13,440.38",0.07,$940.83
Rep_2,West,"$41,425.00",163706,11/27/2024,Consulting,"$28,572.74",0.1,"$2,857.27"
Rep_2,West,"$41,425.00",163706,11/27/2024,Software,"$13,080.07",0.07,$915.60
Rep_2,West,"$41,425.00",163706,11/27/2024,Software,"$17,969.77",0.07,"$1,257.88"
Rep_2,West,"$41,425.00",163706,4/16/2024,Hardware,"$22,575.47",0.1,"$2,257.55"
Rep_2,West,"$41,425.00",163706,4/16/2024,Support,"$14,090.74",0.07,$986.35
Rep_2,West,"$41,425.00",163706,4/16/2024,Hardware,"$29,294.55",0.1,"$2,929.45"
Rep_3,South,"$50,032.00",123130,11/4/2024,Hardware,"$29,061.18",0.1,"$2,906.12"
Rep_3,South,"$50,032.00",123130,11/4/2024,Support,"$11,294.56",0.07,$790.62
Rep_3,South,"$50,032.00",123130,11/4/2024,Software,"$17,431.21",0.07,"$1,220.18"
Rep_3,South,"$50,032.00",123130,11/4/2024,Consulting,"$12,521.96",0.07,$876.54
Rep_3,South,"$50,032.00",123130,11/4/2024,Software,"$12,121.01",0.07,$848.47
Rep_3,South,"$50,032.00",123130,11/4/2024,Hardware,"$5,922.17",0.05,$296.11
Rep_3,South,"$50,032.00",123130,11/10/2024,Hardware,"$20,239.11",0.1,"$2,023.91"
Rep_3,South,"$50,032.00",123130,11/10/2024,Software,"$17,566.98",0.07,"$1,229.69"
Rep_3,South,"$50,032.00",123130,11/10/2024,Support,"$6,286.97",0.05,$314.35
Rep_3,South,"$50,032.00",123130,11/10/2024,Software,"$11,966.16",0.07,$837.63
Rep_3,South,"$50,032.00",123130,11/10/2024,Software,"$27,706.65",0.1,"$2,770.67"
Rep_3,South,"$50,032.00",123130,11/10/2024,Support,"$10,989.05",0.07,$769.23
Rep_3,South,"$50,032.00",123130,3/5/2024,Software,"$8,622.37",0.05,$431.12
Rep_3,South,"$50,032.00",123130,3/5/2024,Consulting,"$17,236.32",0.07,"$1,206.54"
Rep_3,South,"$50,032.00",123130,3/5/2024,Software,"$29,641.26",0.1,"$2,964.13"
Rep_3,South,"$50,032.00",123130,3/5/2024,Support,"$11,051.38",0.07,$773.60
Rep_3,South,"$50,032.00",123130,3/5/2024,Software,"$21,803.39",0.1,"$2,180.34"
Rep_3,South,"$50,032.00",123130,3/5/2024,Hardware,"$24,040.49",0.1,"$2,404.05"
Rep_3,South,"$50,032.00",123130,3/5/2024,Software,"$10,940.94",0.07,$765.87
Rep_3,South,"$50,032.00",123130,3/5/2024,Consulting,"$23,205.41",0.1,"$2,320.54"
Rep_3,South,"$50,032.00",123130,3/5/2024,Support,"$14,194.58",0.07,$993.62
Rep_3,South,"$50,032.00",123130,3/5/2024,Consulting,"$20,807.65",0.1,"$2,080.77"
Rep_3,South,"$50,032.00",123130,11/20/2024,Consulting,"$20,838.24",0.1,"$2,083.82"
Rep_3,South,"$50,032.00",123130,11/20/2024,Hardware,"$18,394.37",0.07,"$1,287.61"
Rep_3,South,"$50,032.00",123130,11/20/2024,Software,"$7,257.24",0.05,$362.86
Rep_3,South,"$50,032.00",123130,9/11/2024,Support,"$25,882.56",0.1,"$2,588.26"
Rep_3,South,"$50,032.00",123130,9/11/2024,Consulting,"$13,019.50",0.07,$911.37
Rep_3,South,"$50,032.00",123130,9/11/2024,Support,"$9,662.96",0.05,$483.15
Rep_3,South,"$50,032.00",123130,9/11/2024,Support,"$6,019.38",0.05,$300.97
Rep_3,South,"$50,032.00",123130,9/11/2024,Software,"$19,772.32",0.07,"$1,384.06"
Rep_3,South,"$50,032.00",123130,7/15/2024,Support,"$21,939.11",0.1,"$2,193.91"
Rep_3,South,"$50,032.00",123130,7/15/2024,Software,"$5,414.70",0.05,$270.74
Rep_3,South,"$50,032.00",123130,7/15/2024,Hardware,"$17,802.33",0.07,"$1,246.16"
Rep_3,South,"$50,032.00",123130,7/15/2024,Hardware,"$10,662.39",0.07,$746.37
Rep_3,South,"$50,032.00",123130,7/15/2024,Hardware,"$21,129.32",0.1,"$2,112.93"
Rep_3,South,"$50,032.00",123130,7/15/2024,Support,"$9,359.16",0.05,$467.96
Rep_3,South,"$50,032.00",123130,7/15/2024,Hardware,"$22,273.44",0.1,"$2,227.34"
Rep_3,South,"$50,032.00",123130,5/19/2024,Consulting,"$14,668.38",0.07,"$1,026.79"
Rep_3,South,"$50,032.00",123130,5/19/2024,Hardware,"$28,418.25",0.1,"$2,841.83"
Rep_3,South,"$50,032.00",123130,5/19/2024,Hardware,"$8,438.02",0.05,$421.90
Rep_3,South,"$50,032.00",123130,5/19/2024,Support,"$13,526.66",0.07,$946.87
Rep_3,South,"$50,032.00",123130,5/1/2024,Consulting,"$7,836.84",0.05,$391.84
Rep_3,South,"$50,032.00",123130,5/1/2024,Software,"$28,117.34",0.1,"$2,811.73"
Rep_3,South,"$50,032.00",123130,5/1/2024,Software,"$26,933.48",0.1,"$2,693.35"
Rep_3,South,"$50,032.00",123130,5/1/2024,Consulting,"$11,448.54",0.07,$801.40
Rep_3,South,"$50,032.00",123130,1/22/2024,Consulting,"$21,499.60",0.1,"$2,149.96"
Rep_3,South,"$50,032.00",123130,1/22/2024,Hardware,"$25,430.56",0.1,"$2,543.06"
Rep_3,South,"$50,032.00",123130,1/22/2024,Consulting,"$18,880.02",0.07,"$1,321.60"
Rep_3,South,"$50,032.00",123130,1/22/2024,Consulting,"$18,241.26",0.07,"$1,276.89"
Rep_3,South,"$50,032.00",123130,1/22/2024,Support,"$11,046.31",0.07,$773.24
Rep_3,South,"$50,032.00",123130,9/23/2024,Consulting,"$7,327.57",0.05,$366.38
Rep_3,South,"$50,032.00",123130,9/23/2024,Consulting,"$27,430.39",0.1,"$2,743.04"
Rep_3,South,"$50,032.00",123130,9/23/2024,Hardware,"$27,510.45",0.1,"$2,751.05"
Rep_3,South,"$50,032.00",123130,10/21/2024,Support,"$20,827.54",0.1,"$2,082.75"
Rep_3,South,"$50,032.00",123130,10/21/2024,Consulting,"$13,475.74",0.07,$943.30
Rep_3,South,"$50,032.00",123130,10/21/2024,Consulting,"$13,730.24",0.07,$961.12
Rep_3,South,"$50,032.00",123130,10/21/2024,Consulting,"$23,148.89",0.1,"$2,314.89"
Rep_3,South,"$50,032.00",123130,2/5/2024,Hardware,"$27,427.76",0.1,"$2,742.78"
Rep_3,South,"$50,032.00",123130,2/5/2024,Consulting,"$27,177.16",0.1,"$2,717.72"
Rep_3,South,"$50,032.00",123130,2/5/2024,Hardware,"$24,496.89",0.1,"$2,449.69"
Rep_4,West,"$60,110.00",120162,5/22/2024,Consulting,"$21,050.79",0.1,"$2,105.08"
Rep_4,West,"$60,110.00",120162,5/22/2024,Consulting,"$7,103.50",0.05,$355.18
Rep_4,West,"$60,110.00",120162,5/22/2024,Software,"$9,040.72",0.05,$452.04
Rep_4,West,"$60,110.00",120162,5/22/2024,Hardware,"$27,463.85",0.1,"$2,746.39"
Rep_4,West,"$60,110.00",120162,5/22/2024,Support,"$20,160.73",0.1,"$2,016.07"
Rep_4,West,"$60,110.00",120162,5/22/2024,Hardware,"$5,229.93",0.05,$261.50
Rep_4,West,"$60,110.00",120162,5/22/2024,Support,"$7,536.79",0.05,$376.84
Rep_4,West,"$60,110.00",120162,9/26/2024,Consulting,"$21,587.54",0.1,"$2,158.75"
Rep_4,West,"$60,110.00",120162,9/26/2024,Hardware,"$5,126.54",0.05,$256.33
Rep_4,West,"$60,110.00",120162,9/26/2024,Support,"$9,020.20",0.05,$451.01
Rep_4,West,"$60,110.00",120162,9/26/2024,Consulting,"$18,718.34",0.07,"$1,310.28"
Rep_4,West,"$60,110.00",120162,9/26/2024,Software,"$22,297.38",0.1,"$2,229.74"
Rep_4,West,"$60,110.00",120162,9/26/2024,Consulting,"$21,299.03",0.1,"$2,129.90"
Rep_4,West,"$60,110.00",120162,9/26/2024,Consulting,"$10,606.73",0.07,$742.47
Rep_4,West,"$60,110.00",120162,9/26/2024,Consulting,"$22,804.48",0.1,"$2,280.45"
Rep_4,West,"$60,110.00",120162,9/26/2024,Consulting,"$10,931.23",0.07,$765.19
Rep_4,West,"$60,110.00",120162,9/26/2024,Software,"$13,134.99",0.07,$919.45
Rep_4,West,"$60,110.00",120162,4/26/2024,Consulting,"$23,662.29",0.1,"$2,366.23"
Rep_4,West,"$60,110.00",120162,4/26/2024,Support,"$21,240.82",0.1,"$2,124.08"
Rep_4,West,"$60,110.00",120162,4/26/2024,Support,"$26,230.59",0.1,"$2,623.06"
Rep_4,West,"$60,110.00",120162,4/26/2024,Software,"$21,440.32",0.1,"$2,144.03"
Rep_4,West,"$60,110.00",120162,4/26/2024,Software,"$19,207.72",0.07,"$1,344.54"
Rep_4,West,"$60,110.00",120162,4/26/2024,Consulting,"$7,341.87",0.05,$367.09
Rep_4,West,"$60,110.00",120162,4/26/2024,Support,"$14,192.90",0.07,$993.50
Rep_4,West,"$60,110.00",120162,4/26/2024,Software,"$11,630.06",0.07,$814.10
Rep_4,West,"$60,110.00",120162,6/10/2024,Software,"$11,099.74",0.07,$776.98
Rep_4,West,"$60,110.00",120162,6/10/2024,Hardware,"$29,325.26",0.1,"$2,932.53"
Rep_4,West,"$60,110.00",120162,6/10/2024,Hardware,"$14,827.44",0.07,"$1,037.92"
Rep_4,West,"$60,110.00",120162,6/10/2024,Support,"$27,301.16",0.1,"$2,730.12"
Rep_4,West,"$60,110.00",120162,6/10/2024,Consulting,"$20,778.47",0.1,"$2,077.85"
Rep_4,West,"$60,110.00",120162,6/10/2024,Software,"$24,870.28",0.1,"$2,487.03"
Rep_4,West,"$60,110.00",120162,6/10/2024,Hardware,"$17,565.93",0.07,"$1,229.62"
Rep_4,West,"$60,110.00",120162,6/10/2024,Hardware,"$19,422.60",0.07,"$1,359.58"
Rep_4,West,"$60,110.00",120162,6/10/2024,Consulting,"$17,312.94",0.07,"$1,211.91"
Rep_4,West,"$60,110.00",120162,6/10/2024,Hardware,"$9,881.07",0.05,$494.05
Rep_4,West,"$60,110.00",120162,8/2/2024,Support,"$23,061.30",0.1,"$2,306.13"
Rep_4,West,"$60,110.00",120162,8/2/2024,Consulting,"$12,019.31",0.07,$841.35
Rep_4,West,"$60,110.00",120162,8/2/2024,Hardware,"$5,607.90",0.05,$280.39
Rep_4,West,"$60,110.00",120162,8/2/2024,Hardware,"$21,136.81",0.1,"$2,113.68"
Rep_4,West,"$60,110.00",120162,8/2/2024,Software,"$9,427.77",0.05,$471.39
Rep_4,West,"$60,110.00",120162,8/2/2024,Support,"$28,511.46",0.1,"$2,851.15"
Rep_4,West,"$60,110.00",120162,8/2/2024,Consulting,"$28,848.21",0.1,"$2,884.82"
Rep_4,West,"$60,110.00",120162,8/2/2024,Support,"$27,871.61",0.1,"$2,787.16"
Rep_4,West,"$60,110.00",120162,8/2/2024,Hardware,"$14,253.97",0.07,$997.78
Rep_4,West,"$60,110.00",120162,8/2/2024,Support,"$5,386.42",0.05,$269.32
Rep_4,West,"$60,110.00",120162,5/18/2024,Software,"$28,207.96",0.1,"$2,820.80"
Rep_4,West,"$60,110.00",120162,5/18/2024,Software,"$15,704.60",0.07,"$1,099.32"
Rep_4,West,"$60,110.00",120162,5/18/2024,Support,"$29,166.37",0.1,"$2,916.64"
Rep_4,West,"$60,110.00",120162,5/18/2024,Software,"$29,090.50",0.1,"$2,909.05"
Rep_4,West,"$60,110.00",120162,5/18/2024,Consulting,"$26,325.24",0.1,"$2,632.52"
Rep_4,West,"$60,110.00",120162,5/20/2024,Software,"$12,361.22",0.07,$865.29
Rep_4,West,"$60,110.00",120162,5/20/2024,Support,"$14,627.44",0.07,"$1,023.92"
Rep_4,West,"$60,110.00",120162,5/20/2024,Hardware,"$26,278.42",0.1,"$2,627.84"
Rep_4,West,"$60,110.00",120162,5/20/2024,Software,"$12,923.05",0.07,$904.61
Rep_4,West,"$60,110.00",120162,5/20/2024,Hardware,"$9,237.32",0.05,$461.87
Rep_4,West,"$60,110.00",120162,5/20/2024,Hardware,"$18,920.03",0.07,"$1,324.40"
Rep_4,West,"$60,110.00",120162,5/20/2024,Support,"$28,403.87",0.1,"$2,840.39"
Rep_4,West,"$60,110.00",120162,5/20/2024,Consulting,"$22,400.74",0.1,"$2,240.07"
Rep_4,West,"$60,110.00",120162,5/20/2024,Software,"$19,251.53",0.07,"$1,347.61"
Rep_4,West,"$60,110.00",120162,9/28/2024,Software,"$7,429.41",0.05,$371.47
Rep_4,West,"$60,110.00",120162,9/28/2024,Hardware,"$20,375.18",0.1,"$2,037.52"
Rep_4,West,"$60,110.00",120162,9/28/2024,Hardware,"$29,751.35",0.1,"$2,975.14"
Rep_4,West,"$60,110.00",120162,9/27/2024,Software,"$8,502.10",0.05,$425.11
Rep_4,West,"$60,110.00",120162,9/27/2024,Support,"$17,958.24",0.07,"$1,257.08"
Rep_4,West,"$60,110.00",120162,9/27/2024,Hardware,"$26,934.33",0.1,"$2,693.43"
Rep_4,West,"$60,110.00",120162,9/27/2024,Consulting,"$23,519.22",0.1,"$2,351.92"
Rep_4,West,"$60,110.00",120162,9/27/2024,Software,"$22,425.39",0.1,"$2,242.54"
Rep_4,West,"$60,110.00",120162,9/27/2024,Hardware,"$22,562.10",0.1,"$2,256.21"
Rep_4,West,"$60,110.00",120162,6/4/2024,Support,"$13,987.28",0.07,$979.11
Rep_4,West,"$60,110.00",120162,6/4/2024,Consulting,"$12,339.80",0.07,$863.79
Rep_4,West,"$60,110.00",120162,6/4/2024,Consulting,"$25,234.03",0.1,"$2,523.40"
Rep_4,West,"$60,110.00",120162,6/4/2024,Support,"$25,252.83",0.1,"$2,525.28"
Rep_4,West,"$60,110.00",120162,6/4/2024,Consulting,"$26,676.81",0.1,"$2,667.68"
Rep_4,West,"$60,110.00",120162,6/4/2024,Hardware,"$27,831.01",0.1,"$2,783.10"
Rep_4,West,"$60,110.00",120162,6/4/2024,Consulting,"$17,783.56",0.07,"$1,244.85"
Rep_4,West,"$60,110.00",120162,6/4/2024,Hardware,"$17,537.91",0.07,"$1,227.65"
Rep_4,West,"$60,110.00",120162,6/4/2024,Support,"$24,957.38",0.1,"$2,495.74"
Rep_4,West,"$60,110.00",120162,6/7/2024,Support,"$21,249.10",0.1,"$2,124.91"
Rep_4,West,"$60,110.00",120162,6/7/2024,Software,"$22,549.17",0.1,"$2,254.92"
Rep_4,West,"$60,110.00",120162,6/7/2024,Consulting,"$24,894.82",0.1,"$2,489.48"
Rep_4,West,"$60,110.00",120162,6/7/2024,Consulting,"$27,250.13",0.1,"$2,725.01"
Rep_4,West,"$60,110.00",120162,8/22/2024,Software,"$13,449.88",0.07,$941.49
Rep_4,West,"$60,110.00",120162,8/22/2024,Software,"$14,389.57",0.07,"$1,007.27"
Rep_4,West,"$60,110.00",120162,8/22/2024,Support,"$7,349.55",0.05,$367.48
Rep_4,West,"$60,110.00",120162,8/22/2024,Support,"$19,457.00",0.07,"$1,361.99"
Rep_4,West,"$60,110.00",120162,8/22/2024,Support,"$5,898.56",0.05,$294.93
Rep_5,East,"$54,066.00",135188,7/16/2024,Hardware,"$16,639.95",0.07,"$1,164.80"
Rep_5,East,"$54,066.00",135188,7/16/2024,Hardware,"$18,566.12",0.07,"$1,299.63"
Rep_5,East,"$54,066.00",135188,7/16/2024,Consulting,"$12,163.53",0.07,$851.45
Rep_5,East,"$54,066.00",135188,7/16/2024,Consulting,"$19,770.83",0.07,"$1,383.96"
Rep_5,East,"$54,066.00",135188,7/16/2024,Consulting,"$5,762.51",0.05,$288.13
Rep_5,East,"$54,066.00",135188,7/16/2024,Hardware,"$5,933.70",0.05,$296.69
Rep_5,East,"$54,066.00",135188,7/16/2024,Consulting,"$25,565.01",0.1,"$2,556.50"
Rep_5,East,"$54,066.00",135188,3/11/2024,Support,"$14,004.77",0.07,$980.33
Rep_5,East,"$54,066.00",135188,3/11/2024,Support,"$8,176.51",0.05,$408.83
Rep_5,East,"$54,066.00",135188,3/11/2024,Software,"$18,056.08",0.07,"$1,263.93"
Rep_5,East,"$54,066.00",135188,3/11/2024,Support,"$24,249.84",0.1,"$2,424.98"
Rep_5,East,"$54,066.00",135188,3/11/2024,Support,"$10,395.53",0.07,$727.69
Rep_5,East,"$54,066.00",135188,3/11/2024,Support,"$20,572.26",0.1,"$2,057.23"
Rep_5,East,"$54,066.00",135188,3/11/2024,Hardware,"$7,133.69",0.05,$356.68
Rep_5,East,"$54,066.00",135188,3/11/2024,Support,"$6,292.04",0.05,$314.60
Rep_5,East,"$54,066.00",135188,7/8/2024,Consulting,"$18,283.87",0.07,"$1,279.87"
Rep_5,East,"$54,066.00",135188,7/8/2024,Software,"$18,515.88",0.07,"$1,296.11"
Rep_5,East,"$54,066.00",135188,7/8/2024,Support,"$20,935.75",0.1,"$2,093.58"
Rep_5,East,"$54,066.00",135188,7/8/2024,Consulting,"$23,152.28",0.1,"$2,315.23"
Rep_5,East,"$54,066.00",135188,7/8/2024,Consulting,"$29,396.30",0.1,"$2,939.63"
Rep_5,East,"$54,066.00",135188,11/22/2024,Software,"$17,907.51",0.07,"$1,253.53"
Rep_5,East,"$54,066.00",135188,11/22/2024,Support,"$13,073.91",0.07,$915.17
Rep_5,East,"$54,066.00",135188,7/1/2024,Consulting,"$24,879.65",0.1,"$2,487.97"
Rep_5,East,"$54,066.00",135188,7/1/2024,Software,"$11,770.81",0.07,$823.96
Rep_5,East,"$54,066.00",135188,7/1/2024,Consulting,"$15,974.29",0.07,"$1,118.20"
Rep_5,East,"$54,066.00",135188,7/1/2024,Consulting,"$6,961.41",0.05,$348.07
Rep_5,East,"$54,066.00",135188,7/1/2024,Hardware,"$5,633.77",0.05,$281.69
Rep_5,East,"$54,066.00",135188,7/1/2024,Software,"$29,066.21",0.1,"$2,906.62"
Rep_5,East,"$54,066.00",135188,5/13/2024,Software,"$25,899.50",0.1,"$2,589.95"
Rep_5,East,"$54,066.00",135188,5/13/2024,Hardware,"$22,399.36",0.1,"$2,239.94"
Rep_5,East,"$54,066.00",135188,5/13/2024,Support,"$15,223.82",0.07,"$1,065.67"
Rep_5,East,"$54,066.00",135188,5/13/2024,Support,"$9,332.36",0.05,$466.62
Rep_5,East,"$54,066.00",135188,5/13/2024,Consulting,"$8,910.93",0.05,$445.55
Rep_5,East,"$54,066.00",135188,5/8/2024,Software,"$11,256.07",0.07,$787.92
Rep_5,East,"$54,066.00",135188,5/8/2024,Consulting,"$18,730.67",0.07,"$1,311.15"
Rep_5,East,"$54,066.00",135188,5/8/2024,Software,"$22,864.90",0.1,"$2,286.49"
Rep_5,East,"$54,066.00",135188,5/8/2024,Support,"$21,504.93",0.1,"$2,150.49"
Rep_5,East,"$54,066.00",135188,5/8/2024,Support,"$11,998.35",0.07,$839.88
Rep_5,East,"$54,066.00",135188,5/8/2024,Hardware,"$28,871.63",0.1,"$2,887.16"
Rep_5,East,"$54,066.00",135188,5/8/2024,Consulting,"$23,447.42",0.1,"$2,344.74"
Rep_5,East,"$54,066.00",135188,5/8/2024,Support,"$18,858.85",0.07,"$1,320.12"
Rep_5,East,"$54,066.00",135188,5/8/2024,Consulting,"$20,293.02",0.1,"$2,029.30"
Rep_5,East,"$54,066.00",135188,5/8/2024,Software,"$15,490.00",0.07,"$1,084.30"
Rep_5,East,"$54,066.00",135188,10/13/2024,Support,"$11,193.27",0.07,$783.53
Rep_5,East,"$54,066.00",135188,10/13/2024,Consulting,"$13,899.32",0.07,$972.95
Rep_5,East,"$54,066.00",135188,1/15/2024,Software,"$23,946.15",0.1,"$2,394.62"
Rep_5,East,"$54,066.00",135188,1/15/2024,Hardware,"$5,359.84",0.05,$267.99
Rep_5,East,"$54,066.00",135188,1/15/2024,Software,"$7,901.82",0.05,$395.09
Rep_5,East,"$54,066.00",135188,1/15/2024,Consulting,"$6,150.07",0.05,$307.50
Rep_5,East,"$54,066.00",135188,1/15/2024,Software,"$6,018.22",0.05,$300.91
Rep_5,East,"$54,066.00",135188,1/27/2024,Support,"$26,386.51",0.1,"$2,638.65"
Rep_5,East,"$54,066.00",135188,1/27/2024,Hardware,"$22,591.45",0.1,"$2,259.14"
Rep_5,East,"$54,066.00",135188,1/27/2024,Consulting,"$16,854.35",0.07,"$1,179.80"
Rep_5,East,"$54,066.00",135188,3/13/2024,Support,"$7,445.85",0.05,$372.29
Rep_5,East,"$54,066.00",135188,3/13/2024,Software,"$17,290.40",0.07,"$1,210.33"
Rep_5,East,"$54,066.00",135188,11/10/2024,Hardware,"$16,836.79",0.07,"$1,178.58"
Rep_5,East,"$54,066.00",135188,11/10/2024,Support,"$9,330.05",0.05,$466.50
Rep_5,East,"$54,066.00",135188,11/10/2024,Consulting,"$15,846.29",0.07,"$1,109.24"
Rep_5,East,"$54,066.00",135188,11/10/2024,Hardware,"$14,962.62",0.07,"$1,047.38"
Rep_6,East,"$56,380.00",177550,10/17/2024,Hardware,"$20,396.25",0.1,"$2,039.62"
Rep_6,East,"$56,380.00",177550,10/17/2024,Software,"$20,877.34",0.1,"$2,087.73"
Rep_6,East,"$56,380.00",177550,10/17/2024,Consulting,"$6,132.60",0.05,$306.63
Rep_6,East,"$56,380.00",177550,10/17/2024,Hardware,"$14,365.32",0.07,"$1,005.57"
Rep_6,East,"$56,380.00",177550,2/19/2024,Hardware,"$20,646.50",0.1,"$2,064.65"
Rep_6,East,"$56,380.00",177550,2/19/2024,Consulting,"$17,578.41",0.07,"$1,230.49"
Rep_6,East,"$56,380.00",177550,2/19/2024,Hardware,"$26,412.25",0.1,"$2,641.23"
Rep_6,East,"$56,380.00",177550,2/19/2024,Hardware,"$21,467.34",0.1,"$2,146.73"
Rep_6,East,"$56,380.00",177550,2/19/2024,Consulting,"$9,073.36",0.05,$453.67
Rep_6,East,"$56,380.00",177550,2/19/2024,Consulting,"$6,764.22",0.05,$338.21
Rep_6,East,"$56,380.00",177550,2/19/2024,Support,"$21,060.48",0.1,"$2,106.05"
Rep_6,East,"$56,380.00",177550,2/19/2024,Hardware,"$5,662.78",0.05,$283.14
Rep_6,East,"$56,380.00",177550,2/10/2024,Consulting,"$19,644.39",0.07,"$1,375.11"
Rep_6,East,"$56,380.00",177550,2/10/2024,Consulting,"$28,505.76",0.1,"$2,850.58"
Rep_6,East,"$56,380.00",177550,9/9/2024,Hardware,"$19,386.85",0.07,"$1,357.08"
Rep_6,East,"$56,380.00",177550,9/9/2024,Consulting,"$14,704.25",0.07,"$1,029.30"
Rep_6,East,"$56,380.00",177550,9/9/2024,Consulting,"$21,082.21",0.1,"$2,108.22"
Rep_6,East,"$56,380.00",177550,9/9/2024,Hardware,"$16,456.32",0.07,"$1,151.94"
Rep_6,East,"$56,380.00",177550,7/15/2024,Hardware,"$18,640.42",0.07,"$1,304.83"
Rep_6,East,"$56,380.00",177550,7/15/2024,Hardware,"$28,536.62",0.1,"$2,853.66"
Rep_6,East,"$56,380.00",177550,7/15/2024,Support,"$14,652.57",0.07,"$1,025.68"
Rep_6,East,"$56,380.00",177550,7/15/2024,Software,"$29,029.76",0.1,"$2,902.98"
Rep_6,East,"$56,380.00",177550,10/15/2024,Hardware,"$27,633.77",0.1,"$2,763.38"
Rep_6,East,"$56,380.00",177550,10/15/2024,Consulting,"$9,894.78",0.05,$494.74
Rep_6,East,"$56,380.00",177550,10/15/2024,Hardware,"$6,734.03",0.05,$336.70
Rep_6,East,"$56,380.00",177550,10/15/2024,Hardware,"$7,519.45",0.05,$375.97
Rep_6,East,"$56,380.00",177550,10/15/2024,Hardware,"$5,455.55",0.05,$272.78
Rep_6,East,"$56,380.00",177550,10/15/2024,Consulting,"$7,361.07",0.05,$368.05
Rep_6,East,"$56,380.00",177550,10/15/2024,Hardware,"$22,075.17",0.1,"$2,207.52"
Rep_6,East,"$56,380.00",177550,10/15/2024,Consulting,"$6,779.72",0.05,$338.99
Rep_6,East,"$56,380.00",177550,10/15/2024,Support,"$12,974.39",0.07,$908.21
Rep_6,East,"$56,380.00",177550,10/15/2024,Software,"$26,121.88",0.1,"$2,612.19"
Rep_6,East,"$56,380.00",177550,3/22/2024,Software,"$5,581.80",0.05,$279.09
Rep_6,East,"$56,380.00",177550,3/22/2024,Support,"$25,361.71",0.1,"$2,536.17"
Rep_6,East,"$56,380.00",177550,3/22/2024,Support,"$12,046.37",0.07,$843.25
Rep_6,East,"$56,380.00",177550,3/22/2024,Software,"$7,954.12",0.05,$397.71
Rep_6,East,"$56,380.00",177550,3/22/2024,Software,"$22,418.43",0.1,"$2,241.84"
Rep_6,East,"$56,380.00",177550,3/22/2024,Software,"$20,723.57",0.1,"$2,072.36"
Rep_6,East,"$56,380.00",177550,3/22/2024,Hardware,"$26,936.80",0.1,"$2,693.68"
Rep_6,East,"$56,380.00",177550,3/22/2024,Hardware,"$23,376.78",0.1,"$2,337.68"
Rep_6,East,"$56,380.00",177550,3/22/2024,Consulting,"$25,087.02",0.1,"$2,508.70"
Rep_6,East,"$56,380.00",177550,7/8/2024,Software,"$12,050.86",0.07,$843.56
Rep_6,East,"$56,380.00",177550,7/8/2024,Support,"$9,435.99",0.05,$471.80
Rep_6,East,"$56,380.00",177550,7/8/2024,Software,"$23,765.37",0.1,"$2,376.54"
Rep_6,East,"$56,380.00",177550,7/8/2024,Consulting,"$25,170.87",0.1,"$2,517.09"
Rep_6,East,"$56,380.00",177550,7/8/2024,Support,"$29,762.63",0.1,"$2,976.26"
Rep_6,East,"$56,380.00",177550,7/8/2024,Consulting,"$15,315.44",0.07,"$1,072.08"
Rep_6,East,"$56,380.00",177550,7/8/2024,Software,"$14,300.45",0.07,"$1,001.03"
Rep_6,East,"$56,380.00",177550,7/8/2024,Support,"$24,410.32",0.1,"$2,441.03"
Rep_6,East,"$56,380.00",177550,12/6/2024,Software,"$13,520.09",0.07,$946.41
Rep_6,East,"$56,380.00",177550,12/6/2024,Hardware,"$28,268.93",0.1,"$2,826.89"
Rep_6,East,"$56,380.00",177550,12/6/2024,Support,"$26,460.32",0.1,"$2,646.03"
Rep_6,East,"$56,380.00",177550,12/6/2024,Software,"$15,724.85",0.07,"$1,100.74"
Rep_6,East,"$56,380.00",177550,12/6/2024,Consulting,"$23,771.78",0.1,"$2,377.18"
Rep_6,East,"$56,380.00",177550,12/6/2024,Support,"$23,863.57",0.1,"$2,386.36"
Rep_6,East,"$56,380.00",177550,12/6/2024,Support,"$7,578.10",0.05,$378.91
Rep_6,East,"$56,380.00",177550,12/6/2024,Hardware,"$27,563.82",0.1,"$2,756.38"
Rep_6,East,"$56,380.00",177550,3/3/2024,Consulting,"$17,631.31",0.07,"$1,234.19"
Rep_6,East,"$56,380.00",177550,3/3/2024,Support,"$25,661.44",0.1,"$2,566.14"
Rep_6,East,"$56,380.00",177550,3/3/2024,Support,"$13,001.24",0.07,$910.09
Rep_6,East,"$56,380.00",177550,3/3/2024,Hardware,"$27,388.08",0.1,"$2,738.81"
Rep_6,East,"$56,380.00",177550,3/3/2024,Support,"$14,730.04",0.07,"$1,031.10"
Rep_6,East,"$56,380.00",177550,3/3/2024,Software,"$5,270.94",0.05,$263.55
Rep_6,East,"$56,380.00",177550,3/3/2024,Consulting,"$27,634.55",0.1,"$2,763.45"
Rep_6,East,"$56,380.00",177550,3/3/2024,Hardware,"$7,282.17",0.05,$364.11
Rep_6,East,"$56,380.00",177550,5/9/2024,Support,"$12,982.84",0.07,$908.80
Rep_6,East,"$56,380.00",177550,5/9/2024,Software,"$28,751.55",0.1,"$2,875.16"
Rep_6,East,"$56,380.00",177550,5/9/2024,Software,"$28,765.18",0.1,"$2,876.52"
Rep_6,East,"$56,380.00",177550,5/9/2024,Support,"$19,335.95",0.07,"$1,353.52"
Rep_6,East,"$56,380.00",177550,5/9/2024,Consulting,"$20,795.93",0.1,"$2,079.59"
Rep_6,East,"$56,380.00",177550,5/9/2024,Support,"$16,211.14",0.07,"$1,134.78"
Rep_6,East,"$56,380.00",177550,5/9/2024,Support,"$12,330.27",0.07,$863.12
Rep_6,East,"$56,380.00",177550,6/20/2024,Consulting,"$13,216.61",0.07,$925.16
Rep_6,East,"$56,380.00",177550,6/20/2024,Hardware,"$21,812.96",0.1,"$2,181.30"
Rep_6,East,"$56,380.00",177550,6/20/2024,Consulting,"$23,809.36",0.1,"$2,380.94"
Rep_6,East,"$56,380.00",177550,6/20/2024,Consulting,"$24,789.48",0.1,"$2,478.95"
Rep_6,East,"$56,380.00",177550,6/20/2024,Consulting,"$24,740.45",0.1,"$2,474.05"
Rep_6,East,"$56,380.00",177550,6/20/2024,Consulting,"$7,280.15",0.05,$364.01
Rep_6,East,"$56,380.00",177550,6/20/2024,Software,"$17,360.51",0.07,"$1,215.24"
Rep_6,East,"$56,380.00",177550,6/20/2024,Software,"$6,438.97",0.05,$321.95
Rep_6,East,"$56,380.00",177550,6/20/2024,Consulting,"$18,738.22",0.07,"$1,311.68"
Rep_7,East,"$60,941.00",120378,4/1/2024,Software,"$16,038.26",0.07,"$1,122.68"
Rep_7,East,"$60,941.00",120378,4/1/2024,Hardware,"$27,192.60",0.1,"$2,719.26"
Rep_7,East,"$60,941.00",120378,4/1/2024,Software,"$13,772.88",0.07,$964.10
Rep_7,East,"$60,941.00",120378,4/1/2024,Software,"$7,926.68",0.05,$396.33
Rep_7,East,"$60,941.00",120378,4/1/2024,Support,"$8,574.79",0.05,$428.74
Rep_7,East,"$60,941.00",120378,4/1/2024,Support,"$24,037.77",0.1,"$2,403.78"
Rep_7,East,"$60,941.00",120378,4/1/2024,Consulting,"$20,455.45",0.1,"$2,045.55"
Rep_7,East,"$60,941.00",120378,4/13/2024,Software,"$7,528.07",0.05,$376.40
Rep_7,East,"$60,941.00",120378,4/13/2024,Support,"$7,102.67",0.05,$355.13
Rep_7,East,"$60,941.00",120378,4/13/2024,Software,"$22,524.23",0.1,"$2,252.42"
Rep_7,East,"$60,941.00",120378,4/13/2024,Support,"$6,819.08",0.05,$340.95
Rep_7,East,"$60,941.00",120378,4/13/2024,Support,"$25,546.50",0.1,"$2,554.65"
Rep_7,East,"$60,941.00",120378,1/26/2024,Hardware,"$22,656.06",0.1,"$2,265.61"
Rep_7,East,"$60,941.00",120378,1/26/2024,Consulting,"$7,033.72",0.05,$351.69
Rep_7,East,"$60,941.00",120378,1/26/2024,Support,"$7,120.94",0.05,$356.05
Rep_7,East,"$60,941.00",120378,1/26/2024,Support,"$29,665.99",0.1,"$2,966.60"
Rep_7,East,"$60,941.00",120378,1/26/2024,Support,"$14,356.77",0.07,"$1,004.97"
Rep_7,East,"$60,941.00",120378,1/26/2024,Software,"$14,266.05",0.07,$998.62
Rep_7,East,"$60,941.00",120378,1/26/2024,Consulting,"$25,319.99",0.1,"$2,532.00"
Rep_7,East,"$60,941.00",120378,1/26/2024,Support,"$28,681.21",0.1,"$2,868.12"
Rep_7,East,"$60,941.00",120378,1/26/2024,Hardware,"$29,650.03",0.1,"$2,965.00"
Rep_7,East,"$60,941.00",120378,1/26/2024,Software,"$23,834.45",0.1,"$2,383.45"
Rep_7,East,"$60,941.00",120378,5/12/2024,Software,"$14,406.49",0.07,"$1,008.45"
Rep_7,East,"$60,941.00",120378,5/12/2024,Consulting,"$7,087.52",0.05,$354.38
Rep_7,East,"$60,941.00",120378,5/12/2024,Software,"$24,428.67",0.1,"$2,442.87"
Rep_7,East,"$60,941.00",120378,5/12/2024,Consulting,"$18,960.11",0.07,"$1,327.21"
Rep_7,East,"$60,941.00",120378,5/12/2024,Support,"$15,605.55",0.07,"$1,092.39"
Rep_7,East,"$60,941.00",120378,5/12/2024,Support,"$27,658.86",0.1,"$2,765.89"
Rep_7,East,"$60,941.00",120378,5/12/2024,Support,"$7,779.94",0.05,$389.00
Rep_7,East,"$60,941.00",120378,5/12/2024,Support,"$17,315.63",0.07,"$1,212.09"
Rep_7,East,"$60,941.00",120378,5/12/2024,Software,"$5,283.84",0.05,$264.19
Rep_7,East,"$60,941.00",120378,3/29/2024,Support,"$16,716.52",0.07,"$1,170.16"
Rep_7,East,"$60,941.00",120378,3/29/2024,Software,"$6,407.58",0.05,$320.38
Rep_7,East,"$60,941.00",120378,3/29/2024,Software,"$7,970.45",0.05,$398.52
Rep_7,East,"$60,941.00",120378,3/29/2024,Consulting,"$7,938.16",0.05,$396.91
Rep_7,East,"$60,941.00",120378,4/26/2024,Support,"$21,230.26",0.1,"$2,123.03"
Rep_7,East,"$60,941.00",120378,4/26/2024,Consulting,"$23,651.12",0.1,"$2,365.11"
Rep_7,East,"$60,941.00",120378,4/26/2024,Software,"$19,584.22",0.07,"$1,370.90"
Rep_7,East,"$60,941.00",120378,4/26/2024,Consulting,"$29,054.31",0.1,"$2,905.43"
Rep_7,East,"$60,941.00",120378,5/11/2024,Hardware,"$14,371.76",0.07,"$1,006.02"
Rep_7,East,"$60,941.00",120378,5/11/2024,Consulting,"$12,142.80",0.07,$850.00
Rep_7,East,"$60,941.00",120378,5/11/2024,Software,"$26,714.98",0.1,"$2,671.50"
Rep_7,East,"$60,941.00",120378,5/11/2024,Support,"$10,589.90",0.07,$741.29
Rep_7,East,"$60,941.00",120378,9/19/2024,Software,"$29,080.56",0.1,"$2,908.06"
Rep_7,East,"$60,941.00",120378,9/19/2024,Hardware,"$5,303.86",0.05,$265.19
Rep_7,East,"$60,941.00",120378,9/19/2024,Hardware,"$29,246.97",0.1,"$2,924.70"
Rep_7,East,"$60,941.00",120378,9/19/2024,Consulting,"$6,079.00",0.05,$303.95
Rep_7,East,"$60,941.00",120378,9/19/2024,Consulting,"$27,278.58",0.1,"$2,727.86"
Rep_7,East,"$60,941.00",120378,8/19/2024,Consulting,"$18,192.53",0.07,"$1,273.48"
Rep_7,East,"$60,941.00",120378,8/19/2024,Software,"$29,824.12",0.1,"$2,982.41"
Rep_7,East,"$60,941.00",120378,10/23/2024,Hardware,"$6,844.91",0.05,$342.25
Rep_7,East,"$60,941.00",120378,10/23/2024,Support,"$18,846.36",0.07,"$1,319.25"
Rep_7,East,"$60,941.00",120378,10/23/2024,Hardware,"$29,232.56",0.1,"$2,923.26"
Rep_7,East,"$60,941.00",120378,10/23/2024,Software,"$18,077.45",0.07,"$1,265.42"
Rep_7,East,"$60,941.00",120378,10/23/2024,Hardware,"$20,734.97",0.1,"$2,073.50"
Rep_7,East,"$60,941.00",120378,2/24/2024,Software,"$22,393.72",0.1,"$2,239.37"
Rep_7,East,"$60,941.00",120378,2/24/2024,Support,"$16,363.53",0.07,"$1,145.45"
Rep_7,East,"$60,941.00",120378,2/24/2024,Hardware,"$20,688.95",0.1,"$2,068.89"
Rep_7,East,"$60,941.00",120378,2/24/2024,Software,"$19,607.86",0.07,"$1,372.55"
Rep_7,East,"$60,941.00",120378,2/24/2024,Consulting,"$27,528.95",0.1,"$2,752.90"
Rep_7,East,"$60,941.00",120378,3/9/2024,Software,"$6,136.16",0.05,$306.81
Rep_7,East,"$60,941.00",120378,3/9/2024,Support,"$12,024.08",0.07,$841.69
Rep_7,East,"$60,941.00",120378,3/9/2024,Support,"$28,760.29",0.1,"$2,876.03"
Rep_7,East,"$60,941.00",120378,3/9/2024,Consulting,"$27,256.59",0.1,"$2,725.66"
Rep_7,East,"$60,941.00",120378,3/9/2024,Software,"$16,391.42",0.07,"$1,147.40"
Rep_7,East,"$60,941.00",120378,3/9/2024,Support,"$20,503.31",0.1,"$2,050.33"
Rep_7,East,"$60,941.00",120378,3/9/2024,Software,"$11,934.53",0.07,$835.42
Rep_8,West,"$45,421.00",193201,4/5/2024,Hardware,"$9,703.03",0.05,$485.15
Rep_8,West,"$45,421.00",193201,4/5/2024,Software,"$16,592.46",0.07,"$1,161.47"
Rep_8,West,"$45,421.00",193201,4/5/2024,Support,"$13,833.81",0.07,$968.37
Rep_8,West,"$45,421.00",193201,4/5/2024,Support,"$19,591.40",0.07,"$1,371.40"
Rep_8,West,"$45,421.00",193201,2/2/2024,Consulting,"$6,943.37",0.05,$347.17
Rep_8,West,"$45,421.00",193201,2/2/2024,Support,"$29,359.87",0.1,"$2,935.99"
Rep_8,West,"$45,421.00",193201,2/2/2024,Support,"$29,655.27",0.1,"$2,965.53"
Rep_8,West,"$45,421.00",193201,2/2/2024,Support,"$22,454.04",0.1,"$2,245.40"
Rep_8,West,"$45,421.00",193201,6/6/2024,Hardware,"$18,402.41",0.07,"$1,288.17"
Rep_8,West,"$45,421.00",193201,6/6/2024,Hardware,"$12,738.19",0.07,$891.67
Rep_8,West,"$45,421.00",193201,6/6/2024,Support,"$25,344.88",0.1,"$2,534.49"
Rep_8,West,"$45,421.00",193201,6/6/2024,Support,"$22,118.28",0.1,"$2,211.83"
Rep_8,West,"$45,421.00",193201,6/6/2024,Software,"$9,065.42",0.05,$453.27
Rep_8,West,"$45,421.00",193201,6/6/2024,Hardware,"$27,773.18",0.1,"$2,777.32"
Rep_8,West,"$45,421.00",193201,6/6/2024,Consulting,"$25,563.43",0.1,"$2,556.34"
Rep_8,West,"$45,421.00",193201,6/6/2024,Consulting,"$28,745.00",0.1,"$2,874.50"
Rep_8,West,"$45,421.00",193201,6/6/2024,Hardware,"$23,142.99",0.1,"$2,314.30"
Rep_8,West,"$45,421.00",193201,6/6/2024,Support,"$20,335.38",0.1,"$2,033.54"
Rep_8,West,"$45,421.00",193201,9/14/2024,Consulting,"$15,456.08",0.07,"$1,081.93"
Rep_8,West,"$45,421.00",193201,9/14/2024,Software,"$28,318.21",0.1,"$2,831.82"
Rep_8,West,"$45,421.00",193201,9/14/2024,Consulting,"$26,651.60",0.1,"$2,665.16"
Rep_8,West,"$45,421.00",193201,9/14/2024,Hardware,"$6,130.47",0.05,$306.52
Rep_8,West,"$45,421.00",193201,9/14/2024,Hardware,"$5,659.17",0.05,$282.96
Rep_8,West,"$45,421.00",193201,9/14/2024,Consulting,"$14,411.58",0.07,"$1,008.81"
Rep_8,West,"$45,421.00",193201,9/14/2024,Hardware,"$25,263.83",0.1,"$2,526.38"
Rep_8,West,"$45,421.00",193201,8/11/2024,Hardware,"$29,681.90",0.1,"$2,968.19"
Rep_8,West,"$45,421.00",193201,8/11/2024,Hardware,"$8,760.42",0.05,$438.02
Rep_8,West,"$45,421.00",193201,8/11/2024,Consulting,"$19,853.27",0.07,"$1,389.73"
Rep_8,West,"$45,421.00",193201,8/11/2024,Software,"$14,522.27",0.07,"$1,016.56"
Rep_8,West,"$45,421.00",193201,8/11/2024,Support,"$29,247.86",0.1,"$2,924.79"
Rep_8,West,"$45,421.00",193201,8/11/2024,Support,"$26,052.97",0.1,"$2,605.30"
Rep_8,West,"$45,421.00",193201,8/11/2024,Support,"$25,958.22",0.1,"$2,595.82"
Rep_8,West,"$45,421.00",193201,5/27/2024,Hardware,"$16,717.33",0.07,"$1,170.21"
Rep_8,West,"$45,421.00",193201,5/27/2024,Software,"$15,370.49",0.07,"$1,075.93"
Rep_8,West,"$45,421.00",193201,5/27/2024,Support,"$11,835.18",0.07,$828.46
Rep_8,West,"$45,421.00",193201,5/27/2024,Hardware,"$6,409.39",0.05,$320.47
Rep_8,West,"$45,421.00",193201,5/27/2024,Software,"$26,618.06",0.1,"$2,661.81"
Rep_8,West,"$45,421.00",193201,6/5/2024,Consulting,"$25,322.53",0.1,"$2,532.25"
Rep_8,West,"$45,421.00",193201,6/5/2024,Consulting,"$29,992.94",0.1,"$2,999.29"
Rep_8,West,"$45,421.00",193201,6/5/2024,Support,"$29,915.92",0.1,"$2,991.59"
Rep_8,West,"$45,421.00",193201,6/5/2024,Consulting,"$18,885.79",0.07,"$1,322.01"
Rep_8,West,"$45,421.00",193201,6/5/2024,Hardware,"$24,224.69",0.1,"$2,422.47"
Rep_8,West,"$45,421.00",193201,6/5/2024,Support,"$28,619.14",0.1,"$2,861.91"
Rep_8,West,"$45,421.00",193201,6/5/2024,Consulting,"$26,241.18",0.1,"$2,624.12"
Rep_8,West,"$45,421.00",193201,6/5/2024,Consulting,"$11,183.70",0.07,$782.86
Rep_8,West,"$45,421.00",193201,6/5/2024,Consulting,"$16,263.60",0.07,"$1,138.45"
Rep_8,West,"$45,421.00",193201,5/29/2024,Hardware,"$8,228.99",0.05,$411.45
Rep_8,West,"$45,421.00",193201,5/29/2024,Software,"$28,851.28",0.1,"$2,885.13"
Rep_8,West,"$45,421.00",193201,5/29/2024,Consulting,"$20,154.37",0.1,"$2,015.44"
Rep_8,West,"$45,421.00",193201,5/29/2024,Support,"$10,716.07",0.07,$750.12
Rep_8,West,"$45,421.00",193201,11/25/2024,Software,"$21,792.52",0.1,"$2,179.25"
Rep_8,West,"$45,421.00",193201,11/25/2024,Hardware,"$20,453.21",0.1,"$2,045.32"
Rep_8,West,"$45,421.00",193201,8/23/2024,Consulting,"$13,954.07",0.07,$976.78
Rep_8,West,"$45,421.00",193201,8/23/2024,Hardware,"$7,838.94",0.05,$391.95
Rep_8,West,"$45,421.00",193201,8/23/2024,Software,"$21,789.33",0.1,"$2,178.93"
Rep_8,West,"$45,421.00",193201,8/23/2024,Support,"$18,007.69",0.07,"$1,260.54"
Rep_8,West,"$45,421.00",193201,8/23/2024,Consulting,"$24,307.96",0.1,"$2,430.80"
Rep_8,West,"$45,421.00",193201,8/23/2024,Software,"$18,004.09",0.07,"$1,260.29"
Rep_8,West,"$45,421.00",193201,8/23/2024,Consulting,"$26,304.54",0.1,"$2,630.45"
Rep_8,West,"$45,421.00",193201,9/17/2024,Support,"$18,797.67",0.07,"$1,315.84"
Rep_8,West,"$45,421.00",193201,9/17/2024,Support,"$19,023.45",0.07,"$1,331.64"
Rep_8,West,"$45,421.00",193201,9/17/2024,Software,"$26,916.34",0.1,"$2,691.63"
Rep_8,West,"$45,421.00",193201,9/17/2024,Support,"$15,087.07",0.07,"$1,056.09"
Rep_8,West,"$45,421.00",193201,9/17/2024,Hardware,"$8,350.38",0.05,$417.52
Rep_8,West,"$45,421.00",193201,9/17/2024,Consulting,"$5,719.57",0.05,$285.98
Rep_8,West,"$45,421.00",193201,9/17/2024,Hardware,"$23,878.43",0.1,"$2,387.84"
Rep_8,West,"$45,421.00",193201,9/17/2024,Consulting,"$20,507.74",0.1,"$2,050.77"
Rep_8,West,"$45,421.00",193201,7/13/2024,Software,"$22,601.99",0.1,"$2,260.20"
Rep_8,West,"$45,421.00",193201,7/13/2024,Hardware,"$10,324.10",0.07,$722.69
Rep_8,West,"$45,421.00",193201,7/13/2024,Software,"$8,409.29",0.05,$420.46
Rep_8,West,"$45,421.00",193201,7/13/2024,Hardware,"$5,363.62",0.05,$268.18
Rep_8,West,"$45,421.00",193201,7/13/2024,Consulting,"$13,764.69",0.07,$963.53
Rep_8,West,"$45,421.00",193201,7/13/2024,Software,"$19,747.94",0.07,"$1,382.36"
Rep_8,West,"$45,421.00",193201,7/13/2024,Support,"$14,806.10",0.07,"$1,036.43"
Rep_8,West,"$45,421.00",193201,7/13/2024,Hardware,"$15,936.87",0.07,"$1,115.58"
Rep_8,West,"$45,421.00",193201,7/13/2024,Consulting,"$27,603.97",0.1,"$2,760.40"
Rep_8,West,"$45,421.00",193201,7/13/2024,Software,"$13,706.39",0.07,$959.45
Rep_9,South,"$54,040.00",194752,12/8/2024,Software,"$17,849.74",0.07,"$1,249.48"
Rep_9,South,"$54,040.00",194752,12/8/2024,Support,"$24,591.33",0.1,"$2,459.13"
Rep_9,South,"$54,040.00",194752,12/8/2024,Software,"$14,913.57",0.07,"$1,043.95"
Rep_9,South,"$54,040.00",194752,12/8/2024,Software,"$20,552.17",0.1,"$2,055.22"
Rep_9,South,"$54,040.00",194752,12/8/2024,Support,"$26,559.09",0.1,"$2,655.91"
Rep_9,South,"$54,040.00",194752,10/28/2024,Hardware,"$28,738.02",0.1,"$2,873.80"
Rep_9,South,"$54,040.00",194752,10/28/2024,Support,"$8,676.84",0.05,$433.84
Rep_9,South,"$54,040.00",194752,10/28/2024,Support,"$28,164.69",0.1,"$2,816.47"
Rep_9,South,"$54,040.00",194752,10/28/2024,Support,"$17,302.91",0.07,"$1,211.20"
Rep_9,South,"$54,040.00",194752,10/28/2024,Support,"$11,456.11",0.07,$801.93
Rep_9,South,"$54,040.00",194752,10/28/2024,Software,"$16,478.39",0.07,"$1,153.49"
Rep_9,South,"$54,040.00",194752,10/28/2024,Consulting,"$29,500.81",0.1,"$2,950.08"
Rep_9,South,"$54,040.00",194752,10/28/2024,Consulting,"$17,315.45",0.07,"$1,212.08"
Rep_9,South,"$54,040.00",194752,10/28/2024,Hardware,"$13,218.79",0.07,$925.32
Rep_9,South,"$54,040.00",194752,9/13/2024,Software,"$20,835.02",0.1,"$2,083.50"
Rep_9,South,"$54,040.00",194752,9/13/2024,Consulting,"$11,003.64",0.07,$770.25
Rep_9,South,"$54,040.00",194752,9/13/2024,Consulting,"$6,896.58",0.05,$344.83
Rep_9,South,"$54,040.00",194752,9/13/2024,Consulting,"$8,221.99",0.05,$411.10
Rep_9,South,"$54,040.00",194752,9/13/2024,Software,"$8,201.15",0.05,$410.06
Rep_9,South,"$54,040.00",194752,9/13/2024,Support,"$8,797.57",0.05,$439.88
Rep_9,South,"$54,040.00",194752,9/13/2024,Software,"$8,470.68",0.05,$423.53
Rep_9,South,"$54,040.00",194752,2/4/2024,Consulting,"$21,021.87",0.1,"$2,102.19"
Rep_9,South,"$54,040.00",194752,2/4/2024,Support,"$9,547.00",0.05,$477.35
Rep_9,South,"$54,040.00",194752,2/4/2024,Hardware,"$13,641.68",0.07,$954.92
Rep_9,South,"$54,040.00",194752,2/4/2024,Software,"$27,419.71",0.1,"$2,741.97"
Rep_9,South,"$54,040.00",194752,12/18/2024,Consulting,"$16,849.04",0.07,"$1,179.43"
Rep_9,South,"$54,040.00",194752,12/18/2024,Hardware,"$21,688.94",0.1,"$2,168.89"
Rep_9,South,"$54,040.00",194752,5/22/2024,Consulting,"$9,308.00",0.05,$465.40
Rep_9,South,"$54,040.00",194752,5/22/2024,Consulting,"$9,807.23",0.05,$490.36
Rep_9,South,"$54,040.00",194752,5/22/2024,Hardware,"$6,021.72",0.05,$301.09
Rep_9,South,"$54,040.00",194752,5/22/2024,Hardware,"$9,223.38",0.05,$461.17
Rep_9,South,"$54,040.00",194752,5/22/2024,Consulting,"$11,964.76",0.07,$837.53
Rep_9,South,"$54,040.00",194752,11/1/2024,Software,"$9,425.26",0.05,$471.26
Rep_9,South,"$54,040.00",194752,11/1/2024,Support,"$7,217.56",0.05,$360.88
Rep_9,South,"$54,040.00",194752,11/1/2024,Hardware,"$8,015.90",0.05,$400.80
Rep_9,South,"$54,040.00",194752,11/1/2024,Support,"$16,519.47",0.07,"$1,156.36"
Rep_9,South,"$54,040.00",194752,11/1/2024,Hardware,"$10,158.34",0.07,$711.08
Rep_9,South,"$54,040.00",194752,11/1/2024,Support,"$14,106.75",0.07,$987.47
Rep_9,South,"$54,040.00",194752,11/1/2024,Software,"$17,585.43",0.07,"$1,230.98"
Rep_9,South,"$54,040.00",194752,10/23/2024,Software,"$22,259.87",0.1,"$2,225.99"
Rep_9,South,"$54,040.00",194752,10/23/2024,Software,"$5,982.80",0.05,$299.14
Rep_9,South,"$54,040.00",194752,10/23/2024,Support,"$24,985.26",0.1,"$2,498.53"
Rep_9,South,"$54,040.00",194752,10/23/2024,Hardware,"$20,697.51",0.1,"$2,069.75"
Rep_9,South,"$54,040.00",194752,7/15/2024,Software,"$7,043.98",0.05,$352.20
Rep_9,South,"$54,040.00",194752,7/15/2024,Hardware,"$26,839.47",0.1,"$2,683.95"
Rep_9,South,"$54,040.00",194752,7/15/2024,Software,"$28,021.81",0.1,"$2,802.18"
Rep_9,South,"$54,040.00",194752,7/15/2024,Support,"$6,526.95",0.05,$326.35
Rep_9,South,"$54,040.00",194752,2/22/2024,Consulting,"$11,921.94",0.07,$834.54
Rep_9,South,"$54,040.00",194752,2/22/2024,Consulting,"$25,155.03",0.1,"$2,515.50"
Rep_9,South,"$54,040.00",194752,2/22/2024,Software,"$23,706.49",0.1,"$2,370.65"
Rep_9,South,"$54,040.00",194752,2/22/2024,Hardware,"$9,613.03",0.05,$480.65
Rep_9,South,"$54,040.00",194752,2/22/2024,Support,"$10,233.73",0.07,$716.36
Rep_9,South,"$54,040.00",194752,2/22/2024,Software,"$14,261.80",0.07,$998.33
Rep_9,South,"$54,040.00",194752,2/19/2024,Software,"$17,113.07",0.07,"$1,197.91"
Rep_9,South,"$54,040.00",194752,2/19/2024,Consulting,"$20,456.37",0.1,"$2,045.64"
Rep_9,South,"$54,040.00",194752,2/19/2024,Consulting,"$14,222.84",0.07,$995.60
Rep_9,South,"$54,040.00",194752,2/19/2024,Support,"$16,563.37",0.07,"$1,159.44"
Rep_9,South,"$54,040.00",194752,9/22/2024,Hardware,"$23,686.77",0.1,"$2,368.68"
Rep_9,South,"$54,040.00",194752,9/22/2024,Hardware,"$5,917.08",0.05,$295.85
Rep_9,South,"$54,040.00",194752,9/22/2024,Hardware,"$11,310.92",0.07,$791.76
Rep_9,South,"$54,040.00",194752,9/22/2024,Hardware,"$22,833.74",0.1,"$2,283.37"
Rep_9,South,"$54,040.00",194752,9/22/2024,Support,"$27,380.17",0.1,"$2,738.02"
Rep_9,South,"$54,040.00",194752,9/22/2024,Software,"$17,791.94",0.07,"$1,245.44"
Rep_9,South,"$54,040.00",194752,9/22/2024,Support,"$18,302.84",0.07,"$1,281.20"
Rep_9,South,"$54,040.00",194752,9/22/2024,Support,"$7,679.30",0.05,$383.97
Rep_10,North,"$52,631.00",123986,11/27/2024,Software,"$16,185.31",0.07,"$1,132.97"
Rep_10,North,"$52,631.00",123986,11/27/2024,Support,"$18,315.43",0.07,"$1,282.08"
Rep_10,North,"$52,631.00",123986,11/27/2024,Support,"$11,061.76",0.07,$774.32
Rep_10,North,"$52,631.00",123986,11/27/2024,Hardware,"$11,731.08",0.07,$821.18
Rep_10,North,"$52,631.00",123986,11/27/2024,Hardware,"$14,432.10",0.07,"$1,010.25"
Rep_10,North,"$52,631.00",123986,11/27/2024,Support,"$5,501.78",0.05,$275.09
Rep_10,North,"$52,631.00",123986,11/27/2024,Hardware,"$13,051.98",0.07,$913.64
Rep_10,North,"$52,631.00",123986,11/27/2024,Software,"$10,286.20",0.07,$720.03
Rep_10,North,"$52,631.00",123986,7/1/2024,Consulting,"$13,187.43",0.07,$923.12
Rep_10,North,"$52,631.00",123986,7/1/2024,Software,"$7,994.05",0.05,$399.70
Rep_10,North,"$52,631.00",123986,7/1/2024,Software,"$27,263.18",0.1,"$2,726.32"
Rep_10,North,"$52,631.00",123986,10/16/2024,Hardware,"$19,839.81",0.07,"$1,388.79"
Rep_10,North,"$52,631.00",123986,10/16/2024,Support,"$21,977.56",0.1,"$2,197.76"
Rep_10,North,"$52,631.00",123986,3/26/2024,Software,"$24,729.28",0.1,"$2,472.93"
Rep_10,North,"$52,631.00",123986,3/26/2024,Software,"$17,461.05",0.07,"$1,222.27"
Rep_10,North,"$52,631.00",123986,3/26/2024,Consulting,"$7,173.01",0.05,$358.65
Rep_10,North,"$52,631.00",123986,3/26/2024,Consulting,"$18,427.66",0.07,"$1,289.94"
Rep_10,North,"$52,631.00",123986,3/26/2024,Consulting,"$19,671.03",0.07,"$1,376.97"
Rep_10,North,"$52,631.00",123986,3/26/2024,Hardware,"$23,635.99",0.1,"$2,363.60"
Rep_10,North,"$52,631.00",123986,3/26/2024,Support,"$15,791.49",0.07,"$1,105.40"
Rep_10,North,"$52,631.00",123986,3/26/2024,Consulting,"$8,189.51",0.05,$409.48
Rep_10,North,"$52,631.00",123986,6/18/2024,Hardware,"$12,094.40",0.07,$846.61
Rep_10,North,"$52,631.00",123986,6/18/2024,Hardware,"$14,077.06",0.07,$985.39
Rep_10,North,"$52,631.00",123986,6/18/2024,Support,"$21,147.93",0.1,"$2,114.79"
Rep_10,North,"$52,631.00",123986,6/18/2024,Support,"$19,269.46",0.07,"$1,348.86"
Rep_10,North,"$52,631.00",123986,6/18/2024,Support,"$13,902.42",0.07,$973.17
Rep_10,North,"$52,631.00",123986,11/23/2024,Hardware,"$29,662.88",0.1,"$2,966.29"
Rep_10,North,"$52,631.00",123986,11/23/2024,Support,"$20,144.37",0.1,"$2,014.44"
Rep_10,North,"$52,631.00",123986,11/23/2024,Hardware,"$10,930.67",0.07,$765.15
Rep_10,North,"$52,631.00",123986,11/23/2024,Consulting,"$7,544.56",0.05,$377.23
Rep_10,North,"$52,631.00",123986,11/23/2024,Support,"$8,821.48",0.05,$441.07
Rep_10,North,"$52,631.00",123986,11/23/2024,Hardware,"$11,148.94",0.07,$780.43
Rep_10,North,"$52,631.00",123986,11/23/2024,Software,"$9,017.03",0.05,$450.85
Rep_10,North,"$52,631.00",123986,11/23/2024,Support,"$9,664.18",0.05,$483.21
Rep_10,North,"$52,631.00",123986,11/23/2024,Consulting,"$12,127.38",0.07,$848.92
Rep_10,North,"$52,631.00",123986,11/23/2024,Consulting,"$9,334.34",0.05,$466.72
Rep_10,North,"$52,631.00",123986,8/23/2024,Software,"$27,419.14",0.1,"$2,741.91"
Rep_10,North,"$52,631.00",123986,8/23/2024,Consulting,"$7,005.84",0.05,$350.29
Rep_10,North,"$52,631.00",123986,8/23/2024,Software,"$18,112.78",0.07,"$1,267.89"
Rep_10,North,"$52,631.00",123986,12/1/2024,Consulting,"$15,259.92",0.07,"$1,068.19"
Rep_10,North,"$52,631.00",123986,12/1/2024,Software,"$29,559.47",0.1,"$2,955.95"
Rep_10,North,"$52,631.00",123986,12/1/2024,Support,"$7,800.97",0.05,$390.05
Rep_10,North,"$52,631.00",123986,12/1/2024,Support,"$14,946.39",0.07,"$1,046.25"
Rep_10,North,"$52,631.00",123986,12/1/2024,Support,"$29,236.76",0.1,"$2,923.68"
Rep_10,North,"$52,631.00",123986,12/1/2024,Software,"$26,637.68",0.1,"$2,663.77"
Rep_10,North,"$52,631.00",123986,12/1/2024,Software,"$25,426.80",0.1,"$2,542.68"
Rep_10,North,"$52,631.00",123986,12/1/2024,Consulting,"$11,447.57",0.07,$801.33
Rep_10,North,"$52,631.00",123986,12/1/2024,Support,"$9,272.19",0.05,$463.61
Rep_10,North,"$52,631.00",123986,10/19/2024,Software,"$21,716.08",0.1,"$2,171.61"
Rep_10,North,"$52,631.00",123986,10/19/2024,Hardware,"$28,234.40",0.1,"$2,823.44"
Rep_10,North,"$52,631.00",123986,11/23/2024,Software,"$18,919.07",0.07,"$1,324.33"
Rep_10,North,"$52,631.00",123986,11/23/2024,Support,"$19,290.32",0.07,"$1,350.32"
Rep_10,North,"$52,631.00",123986,11/23/2024,Consulting,"$11,999.48",0.07,$839.96
Rep_10,North,"$52,631.00",123986,11/23/2024,Support,"$24,237.32",0.1,"$2,423.73"
Rep_10,North,"$52,631.00",123986,11/23/2024,Hardware,"$9,676.09",0.05,$483.80
Rep_10,North,"$52,631.00",123986,11/23/2024,Support,"$13,091.98",0.07,$916.44
Rep_10,North,"$52,631.00",123986,11/23/2024,Software,"$15,635.91",0.07,"$1,094.51"
Rep_10,North,"$52,631.00",123986,11/23/2024,Support,"$17,690.26",0.07,"$1,238.32"
Rep_10,North,"$52,631.00",123986,4/17/2024,Consulting,"$11,060.24",0.07,$774.22
Rep_10,North,"$52,631.00",123986,4/17/2024,Software,"$7,870.92",0.05,$393.55
Rep_10,North,"$52,631.00",123986,4/17/2024,Support,"$20,265.50",0.1,"$2,026.55"
Rep_10,North,"$52,631.00",123986,8/9/2024,Consulting,"$12,215.76",0.07,$855.10
Rep_10,North,"$52,631.00",123986,8/9/2024,Consulting,"$19,530.96",0.07,"$1,367.17"
Rep_10,North,"$52,631.00",123986,8/9/2024,Consulting,"$8,859.07",0.05,$442.95
Rep_10,North,"$52,631.00",123986,8/9/2024,Software,"$17,028.50",0.07,"$1,192.00"
Rep_10,North,"$52,631.00",123986,8/9/2024,Consulting,"$18,314.74",0.07,"$1,282.03"
